Date,Review,dt,Language,Review_EN,Sent_stars,Sent_label,Sent_score,T_Food,T_Service,T_View,T_Value,T_Ambiance
"Jul 18, 2026 18:58","The food was fine.  Not bad, not great.  The bites were probably the highlight - the main menu was fair.   Was expecting prettier views, too.  Restaurant is somewhat rundown and tables are too close together (my daughter and I felt like we were basically having dinner with the couple next to us).    Staff was friendly, though.",2026-07-18 18:58:00,en,"The food was fine.  Not bad, not great.  The bites were probably the highlight - the main menu was fair.   Was expecting prettier views, too.  Restaurant is somewhat rundown and tables are too close together (my daughter and I felt like we were basically having dinner with the couple next to us).    Staff was friendly, though.",3,neutral,0.0,1,1,1,0,1
"Jul 06, 2026 08:02","The food was very tasty, and the setting was beautiful. However, finding a hair in my dish completely spoiled the experience. I complained about it, but the waiter showed no real reaction. The hair was clearly stuck to the biscuit dough, so it hadn’t simply fallen onto the plate.

I find it disappointing that, in such a well-known restaurant, the only response I received was an “oh.”

We chose the four-course menu. The first course, the tuna, was far too salty. The second course, the cabbage, unfortunately contained the hair. The lamb, however, was absolutely delicious and cooked perfectly. Finally, the dessert was also excellent.

The service was impeccable and very efficient, but the lack of response to such an issue was disappointing.",2026-07-06 08:02:00,en,"The food was very tasty, and the setting was beautiful. However, finding a hair in my dish completely spoiled the experience. I complained about it, but the waiter showed no real reaction. The hair was clearly stuck to the biscuit dough, so it hadn’t simply fallen onto the plate.

I find it disappointing that, in such a well-known restaurant, the only response I received was an “oh.”

We chose the four-course menu. The first course, the tuna, was far too salty. The second course, the cabbage, unfortunately contained the hair. The lamb, however, was absolutely delicious and cooked perfectly. Finally, the dessert was also excellent.

The service was impeccable and very efficient, but the lack of response to such an issue was disappointing.",2,negative,-0.5,1,1,0,0,0
"Jun 28, 2026 00:13","The shrimp toast was amazing, and the tacos were really good. It would be even better if there were a broader lunch menu, with options like a rich baguette with cheese and steak, chicken, tuna, or salmon, or even a club sandwich. It would also be great to see drinks like a mojito or a classic old-school milkshake made with real vanilla ice cream on the menu. I highly recommend Moon chefs kiss.",2026-06-28 00:13:00,en,"The shrimp toast was amazing, and the tacos were really good. It would be even better if there were a broader lunch menu, with options like a rich baguette with cheese and steak, chicken, tuna, or salmon, or even a club sandwich. It would also be great to see drinks like a mojito or a classic old-school milkshake made with real vanilla ice cream on the menu. I highly recommend Moon chefs kiss.",5,positive,1.0,1,0,0,0,0
"Jun 26, 2026 21:37","Too hot. Airco not working properly. 1st course was great, second good and the rest we did not enjoy them… nobody at the table. The view is amazing and that is what you pay for but we agree is not a place to come back to. Service was ok. Fries were very oily, had to request other ones. The desserts were specially disappointing.",2026-06-26 21:37:00,en,"Too hot. Airco not working properly. 1st course was great, second good and the rest we did not enjoy them… nobody at the table. The view is amazing and that is what you pay for but we agree is not a place to come back to. Service was ok. Fries were very oily, had to request other ones. The desserts were specially disappointing.",2,negative,-0.5,1,1,1,0,1
"Jun 20, 2026 20:07","The price of the meal is extremely high. Without the view and the uniqueness of the venue, the meal itself offers little value for the money. The fish was too salty, and the cheese was served without bread—just a single olive cracker, which was not proportionate to the amount of cheese provided. As a result, there was cheese left over but no cracker to eat it with.",2026-06-20 20:07:00,en,"The price of the meal is extremely high. Without the view and the uniqueness of the venue, the meal itself offers little value for the money. The fish was too salty, and the cheese was served without bread—just a single olive cracker, which was not proportionate to the amount of cheese provided. As a result, there was cheese left over but no cracker to eat it with.",2,negative,-0.5,1,0,1,1,0
"Jun 14, 2026 17:38","Plats au prix excessif, ainsi que l 'eau, par contre la vue et le cadre sont jolis",2026-06-14 17:38:00,fr,"Overpriced dishes, as well as water, however the view and setting are pretty",3,neutral,0.0,1,0,1,1,0
"Jun 13, 2026 15:03","Mijn man en ik hebben gisteravond bij jullie gegeten. Het eten en de ambiance waren fantastisch en daar kunnen we alleen vol lof over zijn. 
Het puntje van kritiek dat we hebben betreft het bedienend personeel. Wanneer je een exclusief restaurant bent met een fantastische keuken met bijbehorende prijzen dan mag je ook gastheren en -dames verwachten die een toegevoegde waarde hebben op je bezoek. Je wil je als gast gezien voelen. In de watten gelegd worden. 
Het personeel gaf ons gisteren het idee er alleen te zijn om het eten en drinken op tafel te zetten met een snelle uitleg wat er op ons bord lag. Ze waren gehaast en gaven ons het gevoel de toevallige bezetting van een tafel te zijn ipv een gewaardeerde gast.  Dat was jammer.

Overall zijn we enthousiast over Moon en ik hoop dat jullie dit zien als opbouwende kritiek want  zo is het wel bedoeld. Zorg dat het personeel overeenkomt met de hoge standaard van de keuken en de ambiance en dat je je als gast in de watten gelegd voelt (wat je voor een dergelijke prijs mag verwachten).

Met vriendelijke groet,

Marie-Louise van der Linden",2026-06-13 15:03:00,nl,"My husband and I had dinner with you last night. The food and ambiance were fantastic and we can only be full of praise for that. 
The point of criticism we have concerns the waiting staff. If you are an exclusive restaurant with fantastic cuisine and corresponding prices, you can also expect hosts who have added value to your visit. You want to feel seen as a guest. Being pampered. 
Yesterday the staff gave us the idea that we were only there to put the food and drinks on the table with a quick explanation of what was on our plate. They were in a hurry and made us feel like the casual occupant of a table instead of a valued guest.  That was a shame.

Overall we are enthusiastic about Moon and I hope you see this as constructive criticism because that is how it is intended. Make sure the staff matches the high standard of cuisine and ambiance and that you as a guest feel pampered (which you would expect at such a price).

Kind regards,

Marie-Louise van der Linden",4,positive,0.5,1,1,0,1,1
"Jun 08, 2026 12:43",The food was really disappointing there is no option to add photos on here but for example the cheese plate my child could have done better. This was for my partner's birthday and it was very disappointing.,2026-06-08 12:43:00,en,The food was really disappointing there is no option to add photos on here but for example the cheese plate my child could have done better. This was for my partner's birthday and it was very disappointing.,2,negative,-0.5,1,0,0,0,0
"May 28, 2026 11:46","Goedemiddag,
We hebben eigenlijk heerlijk genoten van het diner bij jullie maar wil toch graag 2 puntjes van aandacht aan jullie doorgeven (als ik kies voor ""satisfied"" dan kan ik geen comments toevoegen).
De gastheer bij binnenkomst was zeer attent (en leuk dat hij een compliment over mijn outfit maakte). De midde-blonde gastvrouw was ook zeer attent en geïntereseerd (het was de 18e verjaardag van onze zoon). 
Een open keuken is super leuk echter wordt alles door de gasten gehoord en dat betekent ook dat als er een meningsverschil is dit ook door de gast wordt opgemerkt...(de HeadChef was boos) Er was een andere gastvrouw die bij het dessert een ""verjaardagstaartje"" kwam brengen. Het enige wat ze zei is ""voor wie is het verjaardagstaartje"" en zette het vervolgens bij mijn zoon neer. Dit voelde functioneel en zij had hier meer gastvrijheid in mogen zetten. Echt jammer want dan voelt een verrassing toch net wat anders.  Stuur mij gerust nog een keer de link voor de review zodat ik dan voor ""satisfied"" kan kiezen.  Groet, Wencke Bolsius",2026-05-28 11:46:00,nl,"Good afternoon,
We actually enjoyed dinner with you, but I would like to pass on 2 points of attention to you (if I choose ""satisfied"" I cannot add comments).
The host upon arrival was very attentive (and nice that he complimented my outfit). The medium-blonde hostess was also very attentive and interested (it was our son's 18th birthday). 
An open kitchen is great fun, but everything is heard by the guests and that also means that if there is a difference of opinion, this will also be noticed by the guest... (the HeadChef was angry) There was another hostess who brought a ""birthday cake"" with dessert. All she said is ""who is the birthday cake for"" and then placed it in front of my son. This felt functional and she could have used more hospitality here. It's a real shame because then a surprise feels a little different.  Feel free to send me the link for the review again so that I can choose ""satisfied"".  Greetings, Wencke Bolsius",3,neutral,0.0,1,1,0,0,0
"May 25, 2026 20:07","Te weinig mogelijkheden om te kiezen. Toetje was zeer slecht, veel te zuur. Prijs kwaliteit niet in balans",2026-05-25 20:07:00,nl,"Too few options to choose. Dessert was very bad, much too sour. Price quality not in balance",2,negative,-0.5,1,0,0,1,0
"May 25, 2026 14:50","Alles was eigenlijk goed.. de service, de vriendelijkheid en de sfeer..
Alleen 1 minpuntje over het eten.
De eend was niet mals maar echt taai.. ik zou dit gerecht niet bij vrienden aan raden !
Verder was het eten goed en lekken en mooi geserveerd",2026-05-25 14:50:00,nl,"Everything was actually good.. the service, the friendliness and the atmosphere..
Only 1 minus about the food.
The duck was not tender but really tough... I would not recommend this dish to friends!
Furthermore, the food was good and leaking and nicely served",2,negative,-0.5,1,1,0,0,1
"May 23, 2026 20:42","Service was not good.... no one wished my daughter happy birthday upon arrival or sitting even if it was in the system
Food quality and especially presentation was really poor- expected much better. The red cabbage and pakchoi was so bad! 
Wine was also terrible...got a headache after coming home
Really had high expectations but not met",2026-05-23 20:42:00,en,"Service was not good.... no one wished my daughter happy birthday upon arrival or sitting even if it was in the system
Food quality and especially presentation was really poor- expected much better. The red cabbage and pakchoi was so bad! 
Wine was also terrible...got a headache after coming home
Really had high expectations but not met",1,negative,-1.0,1,1,0,0,0
"May 19, 2026 10:46","Een van mijn tafelgenoten heeft in MOON op 13/05 een ernstige voedselvergiftiging opgelopen,(ref.brioche paté)",2026-05-19 10:46:00,nl,One of my table companions suffered serious food poisoning in MOON on 13/05 (ref.brioche pate),1,negative,-1.0,1,0,0,0,0
"May 18, 2026 20:14","Hi, ik had speciaal gebeld of er rekening gehouden kon worden met een zwangerschap. Omdat ik iets op papier had ben ik zelfs nog een keer langsgegaan de dag ervoor om te checken of t echt allemaal
Goed kwam. En vervolgens stond er toch iemand aan tafel met de vraag of we zin hadden in mimosa’s. Gemiste kans. Verder was het eten wel allemaal fijn en goeds bijzonder leuke actie voor 10 jaar! Veel dank",2026-05-18 20:14:00,nl,"Hi, I had called specifically to ask if a pregnancy could be taken into account. Because I had something on paper, I even went by again the day before to check if everything was really there
Well came. And then someone stood at the table asking if we would like mimosas. Missed opportunity. Furthermore, the food was all nice and good, a very nice promotion for 10 years! Many thanks",5,positive,1.0,1,0,0,0,0
"May 18, 2026 10:43","Hi! 
We had a great breakfast celebrating ADAM's 10 year's anniversary. We ordered an extra 5 coffees, but there was miscommunication between the waiters/waitresses and therefore we felt hurried up, due to the not so professional communication. Everybody needs to learn, no problem, but don't leave a trace of your stress that concerns something your customer can't help.",2026-05-18 10:43:00,en,"Hi! 
We had a great breakfast celebrating ADAM's 10 year's anniversary. We ordered an extra 5 coffees, but there was miscommunication between the waiters/waitresses and therefore we felt hurried up, due to the not so professional communication. Everybody needs to learn, no problem, but don't leave a trace of your stress that concerns something your customer can't help.",2,negative,-0.5,0,1,0,0,0
"May 11, 2026 09:42","We waited 15-20 minutes for the oportunite to place our APERITIF order. 
Those drinks came in 5-10 minutes and almost at the SAME TIME the first course was served.
Order for wines was taken AFTER the first course..
At the end of the menu we were quite impolitely told that we should pay and leave.
That time we had still a good amount of wine in our glasses. 
Totally I should say, that customer service was very poor! ",2026-05-11 09:42:00,en,"We waited 15-20 minutes for the oportunite to place our APERITIF order. 
Those drinks came in 5-10 minutes and almost at the SAME TIME the first course was served.
Order for wines was taken AFTER the first course..
At the end of the menu we were quite impolitely told that we should pay and leave.
That time we had still a good amount of wine in our glasses. 
Totally I should say, that customer service was very poor!",1,negative,-1.0,1,1,0,0,0
"Apr 26, 2026 15:24","From the 4-courses, the second course was cabbage, it didnot taste well, the dessert was the chocolate also not good taste. Both dishes I barely ate. Food can be so much better! I",2026-04-26 15:24:00,en,"From the 4-courses, the second course was cabbage, it didnot taste well, the dessert was the chocolate also not good taste. Both dishes I barely ate. Food can be so much better! I",2,negative,-0.5,1,0,0,0,0
"Apr 25, 2026 20:09","Eten vloog de keuken uit, twee gangen binnen 40 min na aankomst op tafel.
Personeel wat vergeet drinken aan te slaan waardoor we geen drankje bij het hoofdgerecht hadden.
Eten was prima, maar had er meer van verwas voor het geld.

Verder vriendelijke sommelier en fenomenaal uitzicht",2026-04-25 20:09:00,nl,"Food flew out of the kitchen, two courses within 40 minutes of arriving on the table.
Staff forgot to bring drinks so we didn't have a drink with the main course.
Food was fine, but could have had more for the money.

Furthermore, friendly sommelier and phenomenal view",4,positive,0.5,1,1,1,1,0
"Apr 24, 2026 02:49","Drinks menu very limited.
Music entirely bass beat oriented and boring.
Service slow.
We reserved with you in February, then you told us you double booked due to a technical error and could in no way accommodate us, even after I wrote and begged for a chance as it was our last night in Amsterdam and our 49th anniversary.  Then suddenly, on the 22nd, our Viking host was able to get us a reservation, and when we arrived at 6:30, you were hardly busy.  What gives?  You certainly did not make a good impression on us nor our Viking hosts.",2026-04-24 02:49:00,en,"Drinks menu very limited.
Music entirely bass beat oriented and boring.
Service slow.
We reserved with you in February, then you told us you double booked due to a technical error and could in no way accommodate us, even after I wrote and begged for a chance as it was our last night in Amsterdam and our 49th anniversary.  Then suddenly, on the 22nd, our Viking host was able to get us a reservation, and when we arrived at 6:30, you were hardly busy.  What gives?  You certainly did not make a good impression on us nor our Viking hosts.",1,negative,-1.0,1,1,0,0,1
"Apr 22, 2026 09:10","Prima eten, uitstekende bediening, prachtig uitzicht, maar welke puber heeft bedacht dat mensen daar komen om naar die keiharde muziek te luisteren?  ZONDE!!! het is onmogelijk om een normaal gesprek te voeren, en kom dus niet meer terug.

Pubers lijken mij net jullie doelgroep, dus ik weet niet goed wie jullie blij denken te maken met die herrie.",2026-04-22 09:10:00,nl,"Great food, excellent service, beautiful view, but what teenager thought that people come there to listen to that loud music?  SHAME!!! it's impossible to have a normal conversation, so don't come back.

Adolescents seem like your target group to me, so I don't really know who you think makes happy with that noise.",2,negative,-0.5,1,1,1,0,1
"Apr 07, 2026 20:55",not satisfied,2026-04-07 20:55:00,lv,not satisfied,2,negative,-0.5,0,0,0,0,0
"Apr 05, 2026 19:07","I had a very pleasant evening just up to the end. Just after last course we were asked to leave in ten minutes, because you had a booking for the table. I just asked were it was mentioned that we had limited time available. Not noticed anything in my reservation acknowledgement, I would not have accepted such a booking. This was a great disappointment and not showing hospitallity at all.",2026-04-05 19:07:00,en,"I had a very pleasant evening just up to the end. Just after last course we were asked to leave in ten minutes, because you had a booking for the table. I just asked were it was mentioned that we had limited time available. Not noticed anything in my reservation acknowledgement, I would not have accepted such a booking. This was a great disappointment and not showing hospitallity at all.",1,negative,-1.0,1,1,0,0,0
"Mar 29, 2026 19:56",We voelen ons zwaar opgelicht. Je betaalt om naar boven te gaan met een lift met lichtjes en een foto en om uiteten te gaan bij Moon . Dit terwijl als je bij het restaurant moon reserveert je gratis naar boven gaat.  Dus we hebben 62 euro weggegooid.,2026-03-29 19:56:00,nl,We feel seriously ripped off. You pay to go up in an elevator with lights and a photo and to have dinner at Moon. While if you make a reservation at the moon restaurant you can go up for free.  So we threw away 62 euros.,1,negative,-1.0,0,1,0,0,0
"Mar 17, 2026 21:04","Dear team,

thank you for reaching out and for giving me the opportunity to share my experience at Moon.

The atmosphere is certainly one of the venue’s strengths: well-designed, distinctive, and capable of creating a pleasant and recognizable setting. The overall concept is also interesting and shows a clear identity.

However, I felt that the service was not aligned with the overall level of the venue. In particular, it came across as rather rushed and not in line with the kind of experience that the atmosphere and concept seem to aim for. This affected the overall quality of the experience, making it less engaging than expected.

Additionally, I had the impression that the management of closing times contributed to making the service even quicker and less relaxed. I understand the operational needs, but perhaps more attention to this aspect would improve the overall perception of the experience.

I remain available for any further feedback and thank you again for your attention.

Kind regards,  
Wesley Poter",2026-03-17 21:04:00,en,"Dear team,

thank you for reaching out and for giving me the opportunity to share my experience at Moon.

The atmosphere is certainly one of the venue’s strengths: well-designed, distinctive, and capable of creating a pleasant and recognizable setting. The overall concept is also interesting and shows a clear identity.

However, I felt that the service was not aligned with the overall level of the venue. In particular, it came across as rather rushed and not in line with the kind of experience that the atmosphere and concept seem to aim for. This affected the overall quality of the experience, making it less engaging than expected.

Additionally, I had the impression that the management of closing times contributed to making the service even quicker and less relaxed. I understand the operational needs, but perhaps more attention to this aspect would improve the overall perception of the experience.

I remain available for any further feedback and thank you again for your attention.

Kind regards,  
Wesley Poter",3,neutral,0.0,0,1,0,0,1
"Mar 15, 2026 20:27","The service seemed clearly overwhelmed. We waited about 1 hour and 30 minutes before the starters finally arrived. There were supposed to be two starters, a cold one followed by a hot one. However, we first received the hot starter. After pointing this out, the cold starter arrived almost immediately afterwards, and then the main course followed very quickly. From that moment on, everything felt rushed.

The pace was so fast that we didn’t even have the chance to order more drinks.

I had mentioned in advance that we were celebrating my husband’s 50th birthday. The attention given to this was simply an almond cake placed on the table with a card, without any real effort to make the moment special.

Overall, a rather disappointing experience for what was meant to be a special occasion.",2026-03-15 20:27:00,en,"The service seemed clearly overwhelmed. We waited about 1 hour and 30 minutes before the starters finally arrived. There were supposed to be two starters, a cold one followed by a hot one. However, we first received the hot starter. After pointing this out, the cold starter arrived almost immediately afterwards, and then the main course followed very quickly. From that moment on, everything felt rushed.

The pace was so fast that we didn’t even have the chance to order more drinks.

I had mentioned in advance that we were celebrating my husband’s 50th birthday. The attention given to this was simply an almond cake placed on the table with a card, without any real effort to make the moment special.

Overall, a rather disappointing experience for what was meant to be a special occasion.",2,negative,-0.5,1,1,0,0,0
"Sep 10, 2025 18:46","Hi,

Food very poor choices and not good. Main course not tasty. The view was nice, but that's it.🥴",2025-09-10 18:46:00,en,"Hi,

Food very poor choices and not good. Main course not tasty. The view was nice, but that's it.🥴",2,negative,-0.5,1,0,1,0,0
"Sep 13, 2025 14:49","Dear Moon Restaurant Team,I am writing to let you know about an unfortunate experience following our visit to Moon on 8th September .While the setting and service were appreciated, unfortunately all members of our party felt unwell after our meal.We wanted to bring this to your attention, as it may be important for your kitchen team to be aware in case other guests experienced something similar. We would also appreciate if you could look into this matter and let us know your findings.Thank you for taking this seriously. We look forward to your reply.Julie Croskerry",2025-09-13 14:49:00,en,"Dear Moon Restaurant Team,I am writing to let you know about an unfortunate experience following our visit to Moon on 8th September .While the setting and service were appreciated, unfortunately all members of our party felt unwell after our meal.We wanted to bring this to your attention, as it may be important for your kitchen team to be aware in case other guests experienced something similar. We would also appreciate if you could look into this matter and let us know your findings.Thank you for taking this seriously. We look forward to your reply.Julie Croskerry",2,negative,-0.5,1,1,0,0,0
"Sep 14, 2025 18:46","overall amazing experience. Food was incredible. A few hiccups with the service, however still a great night! they started prepping For our dessert before we received our entree. We also never received the fries that we ordered with dinner. Aside from those two things, no issues or complaints!",2025-09-14 18:46:00,en,"overall amazing experience. Food was incredible. A few hiccups with the service, however still a great night! they started prepping For our dessert before we received our entree. We also never received the fries that we ordered with dinner. Aside from those two things, no issues or complaints!",5,positive,1.0,1,1,0,0,0
"Sep 29, 2025 15:29","je boekt speciaal jullie restaurant om de skyline van amsterdam te ervaren met elkaar.
Helaas is er een slimmerik die een aantal tafels zo heeft geplaatst, dat maar 1 van de twee kan genieten van de skyline en de ander met zijn rug naar de skyline zit.
Draai deze tafels een kwartslag zoals ook al gedaan is met andere tafels.
Tevens is de wijze van plaatsen van de reserve wc rollen naast de wc in de toilet zwaar onhygiënisch.
Vrouwen en mannen spetteren of pissen naast de pot en dan zijn de toiletrollen besmet met andermans urine.
Plaats de toiletrollen op 1 meter hoogte.",2025-09-29 15:29:00,nl,"You book your restaurant specifically to experience the Amsterdam skyline together.
Unfortunately, there is a smart guy who has placed a number of tables in such a way that only one of the two can enjoy the skyline and the other sits with his back to the skyline.
Turn these tables a quarter turn as has been done with other tables.
The method of placing the spare toilet rolls next to the toilet in the toilet is also seriously unhygienic.
Women and men splash or piss next to the pot and then the toilet rolls are contaminated with other people's urine.
Place the toilet rolls at a height of 1 meter.",1,negative,-1.0,0,0,1,0,1
"Sep 29, 2025 18:48","My husband and I have been traveling internationally for over 25 years. Our experience and the food that was served was absolutely the worst meal we have ever had. Portions extremely small and the food had no flavor. We waited over 10 minutes for our server who only came to the table when we caught his attention. He took our order and we never saw him again until we got his attention for the bill. At no time did any manager or MOD stop at our table to see how everything was. My husband did not eat his appetizer nor his entree. I didn't eat much of anything either. When our server gave us the bill, he could see how much food remained on our plates. Not a question on why. We mentioned how bad the food was and no apology was offerred nor a thought to get a manager. We spent over €270 on a meal we could not eat  and left the restaurant to go get something to eat. Huge disappointment from the food to the service to any type of manager. I will be posting our experience on as many on line forums as I  can. How bad does a meal have to be that your clients leave to go somewhere else to eat? And no management around to speak to? Truly the worst experience we've ever had.",2025-09-29 18:48:00,en,"My husband and I have been traveling internationally for over 25 years. Our experience and the food that was served was absolutely the worst meal we have ever had. Portions extremely small and the food had no flavor. We waited over 10 minutes for our server who only came to the table when we caught his attention. He took our order and we never saw him again until we got his attention for the bill. At no time did any manager or MOD stop at our table to see how everything was. My husband did not eat his appetizer nor his entree. I didn't eat much of anything either. When our server gave us the bill, he could see how much food remained on our plates. Not a question on why. We mentioned how bad the food was and no apology was offerred nor a thought to get a manager. We spent over €270 on a meal we could not eat  and left the restaurant to go get something to eat. Huge disappointment from the food to the service to any type of manager. I will be posting our experience on as many on line forums as I  can. How bad does a meal have to be that your clients leave to go somewhere else to eat? And no management around to speak to? Truly the worst experience we've ever had.",1,negative,-1.0,1,1,0,0,0
"Oct 02, 2025 19:43",Jesper was niet aardig,2025-10-02 19:43:00,af,Jesper wasn't nice,1,negative,-1.0,0,0,0,0,0
"Oct 06, 2025 22:12",Service to slow and food mostly mediocre,2025-10-06 22:12:00,en,Service to slow and food mostly mediocre,2,negative,-0.5,1,1,0,0,0
"Oct 21, 2025 15:41",Food is not that nice. Service needs improvement.,2025-10-21 15:41:00,en,Food is not that nice. Service needs improvement.,3,neutral,0.0,1,1,0,0,0
"Oct 22, 2025 19:47",The food and service was great. But for a restaurant of this magnitude I expect that the fumes from the kitchen are properly extracted and you do not smell like the kitchen upon leaving the restaurant. Tip for the future.,2025-10-22 19:47:00,en,The food and service was great. But for a restaurant of this magnitude I expect that the fumes from the kitchen are properly extracted and you do not smell like the kitchen upon leaving the restaurant. Tip for the future.,3,neutral,0.0,1,1,0,0,0
"Oct 26, 2025 21:15","De plek was niet fijn. Mijn vriend zat heel erg krap en ik zat met me rug naar het raam. Wij zaten niet lekker. Jammer, ook miste ik de verassing voor mijn vriend en het afsluitingsdrankje",2025-10-26 21:15:00,nl,"The place was not nice. My friend was in a very cramped position and I sat with my back to the window. We were not comfortable. Too bad, I also missed the surprise for my friend and the closing drink",2,negative,-0.5,0,0,1,0,0
"Oct 28, 2025 06:44",Service at the table was very poor. Did not explain the menu properly or understand our choices. Will not be coming back,2025-10-28 06:44:00,en,Service at the table was very poor. Did not explain the menu properly or understand our choices. Will not be coming back,1,negative,-1.0,1,1,0,0,0
"Oct 29, 2025 19:08",food was really not great.   Second course not warm.  Ribeye opposite of tender.,2025-10-29 19:08:00,en,food was really not great.   Second course not warm.  Ribeye opposite of tender.,2,negative,-0.5,1,0,0,0,0
"Nov 02, 2025 20:23","We asked to sit at a booth, but there was no flexibility although the booth stayed empty all night. We asked for an alternative or swap for the entree but was not possible, had to pay extra to take a side dish instead. And we were presented with the check right after dessert, while we were thinking about drinking one more drink or cocktail... we just got the check with no explanation. The service was not up to standard compared to the pricing.",2025-11-02 20:23:00,en,"We asked to sit at a booth, but there was no flexibility although the booth stayed empty all night. We asked for an alternative or swap for the entree but was not possible, had to pay extra to take a side dish instead. And we were presented with the check right after dessert, while we were thinking about drinking one more drink or cocktail... we just got the check with no explanation. The service was not up to standard compared to the pricing.",2,negative,-0.5,1,1,0,0,0
"Nov 03, 2025 09:42","I brought my wife here for her 50th birthday, which I mentioned while booking, and was left disappointed as we were seated in one of the only inner tables with little view. We asked to move tables twice before being told it wasn't possible. The table at the window remained empty for the duration of our visit and a few otheres also became available during our meal. The food was great but the experience was dampened by the second class seats.",2025-11-03 09:42:00,en,"I brought my wife here for her 50th birthday, which I mentioned while booking, and was left disappointed as we were seated in one of the only inner tables with little view. We asked to move tables twice before being told it wasn't possible. The table at the window remained empty for the duration of our visit and a few otheres also became available during our meal. The food was great but the experience was dampened by the second class seats.",2,negative,-0.5,1,1,1,0,1
"Nov 05, 2025 18:47",Flavor profiles were just odd. Pace of meal from course to course was horrible. Waitstaff was just a bunch of kids that all seem to be lacking  any training in formal service or hospitality. our opinion was that your restaurant is not hitting the mark you want it to and as polished as you try to be it presents as aloof and inexperienced.,2025-11-05 18:47:00,en,Flavor profiles were just odd. Pace of meal from course to course was horrible. Waitstaff was just a bunch of kids that all seem to be lacking  any training in formal service or hospitality. our opinion was that your restaurant is not hitting the mark you want it to and as polished as you try to be it presents as aloof and inexperienced.,2,negative,-0.5,1,1,0,0,0
"Nov 17, 2025 08:41","we had a reservation at 20.30.
But we were send a way twice because our table was still occupied.
So we were send upstairs for a drink and we where told to be back 15 m later.
no problem but our table was still occupied at 20.50 and so it was 21.15 before we where seated.
The staff was really friendly and caring and the food was good.
We got a free drink to compensate the drink we had at Madam.
I absolutely not expect a big compensation but this was really poor.
Its a shame because the restaurant is very nice with a high standard of food en prices.
Belinda Dijkstra",2025-11-17 08:41:00,en,"we had a reservation at 20.30.
But we were send a way twice because our table was still occupied.
So we were send upstairs for a drink and we where told to be back 15 m later.
no problem but our table was still occupied at 20.50 and so it was 21.15 before we where seated.
The staff was really friendly and caring and the food was good.
We got a free drink to compensate the drink we had at Madam.
I absolutely not expect a big compensation but this was really poor.
Its a shame because the restaurant is very nice with a high standard of food en prices.
Belinda Dijkstra",2,negative,-0.5,1,1,0,1,0
"Nov 19, 2025 10:00","Location is amazing and the service was fine, but the food was far below what you would expect for these prices. Dishes were tasteless, served too cold, with very small portions and little to no flavour.
For example, the main course was a rib-eye that couldn’t have been more than 60 grams of actual meat. Extremely disappointing to pay so much for such a standard — and frankly poor — dish.
The lack of choice on the menu is also frustrating. The whole concept feels designed to maximise revenue rather than offer a quality dining experience. Small portions, cheap ingredients, no flavour, yet €70 for a 4-course menu feels like pure theft.",2025-11-19 10:00:00,en,"Location is amazing and the service was fine, but the food was far below what you would expect for these prices. Dishes were tasteless, served too cold, with very small portions and little to no flavour.
For example, the main course was a rib-eye that couldn’t have been more than 60 grams of actual meat. Extremely disappointing to pay so much for such a standard — and frankly poor — dish.
The lack of choice on the menu is also frustrating. The whole concept feels designed to maximise revenue rather than offer a quality dining experience. Small portions, cheap ingredients, no flavour, yet €70 for a 4-course menu feels like pure theft.",2,negative,-0.5,1,1,0,1,0
"Nov 23, 2025 19:05",food was not the best and the waitress was rude,2025-11-23 19:05:00,en,food was not the best and the waitress was rude,2,negative,-0.5,1,1,0,0,0
"Nov 28, 2025 19:01","I asked specifically to be discrete about my early pregnancy to the rest of the guests at our table. Despite this, on server asked out loud “who’s the pregnant one”? This was extremely disrespectful and I was really disappointed. I expected more from you and an apology. Besides that the service was really slow and it took way too long in between courses.",2025-11-28 19:01:00,en,"I asked specifically to be discrete about my early pregnancy to the rest of the guests at our table. Despite this, on server asked out loud “who’s the pregnant one”? This was extremely disrespectful and I was really disappointed. I expected more from you and an apology. Besides that the service was really slow and it took way too long in between courses.",2,negative,-0.5,1,1,0,0,1
"Dec 07, 2025 20:15","Slechte bediening, geen mogelijkheid iets te drinken bestellen, chaos bij ingang en toiletten, volledig ongeschikt voor licht gehandicapten, slechte attitude, enorme achteruitgang tov de vorige 6 bezoeken. ook dom omzetverlies😡",2025-12-07 20:15:00,nl,"Poor service, no possibility to order something to drink, chaos at the entrance and toilets, completely unsuitable for the mildly disabled, bad attitude, enormous decline compared to the previous 6 visits. also stupid loss of turnover😡",1,negative,-1.0,0,1,0,0,0
"Dec 10, 2025 10:03","ALGUNAS DE MIS ANTERIORES EXPERIENCIAS CULINARIAS cuando viajo y a las cuales SI volvería:
* CENA DE LUJO POR EL SENA (París): 8/10   -   120€ p/p
* LUNCH  EN AUTOBÚS BUSTRONOME (París): 8/10   -   70€ p/p
* CENA DE LUJO POR LAS LAGUNAS VENECIANAS (Venecia): 9/10   -   110€ p/p
* CENA GOURMET ALTA COCINA (Roma): 9/10   -   145€ p/p
* CENA EXPERIENCIA GASTRONÓMICA DE ALTO NIVEL (Amsterdam: MOON): 5/10   -   105€ p/p
etc...
sin duda alguna, tan gratificante como las visitas realizadas EN GRAN PARTE DE ESPAÑA, NUEVA YORK, LISBOA, OPORTO, ESTOCOLMO...
(entre estos, mucha Estrella Michelin)

Y SOBRE EXPERIENCIAS CULINARIAS no tan gratificantes..
¿EN LONDRES? no volvería a repetir en el mismo lugar
¿EN DUBLIN? no volvería a repetir en el mismo lugar
¿EN AMSTERDAM? no volvería a repetir en MOON

MOOM: EL LUGAR ES PRECIOSO, LA EXPERIENCIA CULINARIA TIENE MUCHO QUE MEJORAR",2025-12-10 10:03:00,es,"SOME OF MY PREVIOUS CULINARY EXPERIENCES when I travel and to which I would return:
* LUXURY DINNER BY THE SEINE (Paris): 8/10 - €120 p/p
* LUNCH BY BUSTRONOME BUS (Paris): 8/10 - €70 p/p
* LUXURY DINNER BY THE VENETIAN LAGOONS (Venice): 9/10 - €110 p/p
* GOURMET HAute CUISINE DINNER (Rome): 9/10 - €145 p/p
* HIGH LEVEL GASTRONOMIC EXPERIENCE DINNER (Amsterdam: MOON): 5/10 - €105 p/p
etc...
without a doubt, as gratifying as the visits made IN MUCH OF SPAIN, NEW YORK, LISBON, PORTO, STOCKHOLM...
(among these, many Michelin Stars)

AND ABOUT CULINARY EXPERIENCES not so gratifying...
IN LONDON? I would not repeat in the same place
IN DUBLIN? I would not repeat in the same place
IN AMSTERDAM? I would not repeat in MOON again

MOOM: THE PLACE IS BEAUTIFUL, THE CULINARY EXPERIENCE HAS A LOT TO IMPROVE",3,neutral,0.0,1,0,0,0,0
"Dec 21, 2025 09:17","Dissapointed - traveled a long way and booked in advance to be sure to be seated at a good spot. Unfortunately we were seated in the second row from the window, so we were looking directly at other people, whenever we tried to enjoy the view. 
We explained our disappointment to the waiter and were promised to be moved to a better table as soon as one were available. That did not happen, even though he promised it explicitly. 

The service was mediocre and the food was OK, but a bit bland. Not enough food on the plates, even though it was a 5 course meal. We leaved still hungry. We expected a fine dining experience at that pricerange.

Definitely not worth the money due to everything above - will recommend other traveller to use their money more wisely.",2025-12-21 09:17:00,en,"Dissapointed - traveled a long way and booked in advance to be sure to be seated at a good spot. Unfortunately we were seated in the second row from the window, so we were looking directly at other people, whenever we tried to enjoy the view. 
We explained our disappointment to the waiter and were promised to be moved to a better table as soon as one were available. That did not happen, even though he promised it explicitly. 

The service was mediocre and the food was OK, but a bit bland. Not enough food on the plates, even though it was a 5 course meal. We leaved still hungry. We expected a fine dining experience at that pricerange.

Definitely not worth the money due to everything above - will recommend other traveller to use their money more wisely.",2,negative,-0.5,1,1,1,1,0
"Dec 22, 2025 20:00","over de jaren raadde meer mensen jullie aan, maar ik was niet impressed. Het eten was niet geweldig, maar vooral de service vond ik extreem matig voor een restaurant waar je zoveel geld betaald. Lage energie, niet enorm verwelkomend. En niks uitleggen van de kaart. De rekening incl pinautomaat werden gewoon op tafel gelegd zonder iets te zeggen. Niet oké.",2025-12-22 20:00:00,nl,"More people recommended you over the years, but I was not impressed. The food wasn't great, but I especially thought the service was extremely mediocre for a restaurant where you pay so much money. Low energy, not terribly welcoming. And don't explain anything about the map. The bill including ATM was simply placed on the table without saying anything. Not okay.",2,negative,-0.5,1,1,0,1,0
"Jan 01, 2026 21:17",The employees not kind in communication and the food not delicious but you have very nice view,2026-01-01 21:17:00,en,The employees not kind in communication and the food not delicious but you have very nice view,3,neutral,0.0,1,0,1,0,0
"Jan 02, 2026 14:52","Ik heb op Oudjaarsavond gegeten in Moon. Twee personen. 900 euro.  Voorafgaand aan het maken van de reservering heb ik jullie opgebeld: “Zouden we, net als een paar jaar geleden, na het diner toegang krijgen tot De Loft of Madam?”  Na aandringen bleef het antwoord: “Nee”. Dus ik heb 2 kaartjes voor Madam gekocht voor totaal 250 euro. En wat gebeurt er aan het eind van het diner? We krijgen een polsbandje voor gratis toegang tot De Loft… What the …? Dus 250 euro voor niks uitgegeven….

U begrijpt dat ik deze e-mail schrijf om mijn 250 euro terug te krijgen. Als u wilt stuur ik de ongebruikte Madam aankoopbewijzen op.",2026-01-02 14:52:00,nl,"I had dinner at Moon on New Year's Eve. Two people. 900 euros.  Before making the reservation, I called you: ""Would we, just like a few years ago, have access to De Loft of Madam after dinner?""  After insisting, the answer remained: “No”. So I bought 2 tickets for Madam for a total of 250 euros. And what happens at the end of dinner? We receive a wristband for free access to De Loft… What the…? So 250 euros spent for nothing….

You understand that I am writing this email to get my 250 euros back. If you want, I can send you the unused Madam proof of purchase.",1,negative,-1.0,0,1,0,0,0
"Jan 03, 2026 15:19","Hello, given the price of the service, you could have made an effort on the decoration of the table, with a beautiful tablecloth for example. Our table was quite ordinary and we would have liked to have the rounded sofa. Fortunately the view was splendid and the service better. The experience of the rotation was pleasant. We came from Paris to celebrate the new year at the moon.",2026-01-03 15:19:00,en,"Hello, given the price of the service, you could have made an effort on the decoration of the table, with a beautiful tablecloth for example. Our table was quite ordinary and we would have liked to have the rounded sofa. Fortunately the view was splendid and the service better. The experience of the rotation was pleasant. We came from Paris to celebrate the new year at the moon.",4,positive,0.5,0,1,1,1,0
"Jan 04, 2026 18:55",3.5 hour dinner with 45 minutes between dishes. 30 minutes to get water. 20 mins to get drinks. We were forgotten about.,2026-01-04 18:55:00,en,3.5 hour dinner with 45 minutes between dishes. 30 minutes to get water. 20 mins to get drinks. We were forgotten about.,1,negative,-1.0,1,0,0,0,0
"Jan 25, 2026 19:06","Fijn dat u de vraag naar onze mening stelt. Graag begin ik met het positieve.
We werden vriendelijk ontvangen ; onze jassen keurig in ontvangst genomen en vervolgens werden wij netjes naar onze plaats begeleid.
We hebben heerlijk gegeten en ontzettend genoten van de beleving, hoog uitkijkend over alle kanten van de verlichte stad.
Fijn ook om een eigen gastheer te hebben voor onze avond.
De uitleg over de kaart was helder.
Bij onze vraag over het wijnadvies begaf onze gastheer zich naar de sommelier. Het verhaal waar hij mee terug kwam was niet duidelijker dan de informatie op de kaart. Wij hadden bijv. de sommelier aan onze tafel verwacht. Uiteindelijk hebben we zelf een wijn gekozen die we dachten dat het best bij de vis pastte. Het was het begin van onrust aan onze tafel die een feestelijke, onbezorgde avond had moeten worden.
Tussen de eerste gangen zat best veel tijd. Op een bepaald moment werden we aangespoord ""haast"" te maken. Want ons tijdsslot was eindigende. Op dat moment hadden we nog een half uur en drie gangen te gaan.
Toen we daar iets over zeiden kwam er iemand anders aan onze tafel die kwam vertellen dat ;
we al laat waren aangekomen ( dat betwisten wij niet maar wij wilden niet buiten in de kou wachten en het was niet duidelijk of wij eerder naar binnen zouden kunnen en het tijdslot exact om half 6 begon ) en
dat we ook! voor een extra gang ( meer tijd ) hadden gekozen.
Het kwam op ons over alsof ""wij"" de tijd in de gaten hadden moeten houden en de bediening had moeten aansporen de gangen optijd te bezorgen. Het voelde alsof ons de schuld in de schoenen geschoven werd. Verwijtend naar ons toe. Dat hebben wij als onprofessioneel, ongemakkelijk en vervelend ervaren. De feestelijke sfeer waarvoor wij kwamen ging aan tafel over in verbazing en onrust.
Uiteindelijk was er geregeld dat we wat langer konden blijven. Dat was zeker fijn.
Maar daarmee verdween het nare gevoel niet. Wij hebben dit ervaren als smet op de avond.
Het excuus van onze gastheer - in opleiding - hebben wij geaccepteerd maar kon het verschil niet meer maken.",2026-01-25 19:06:00,nl,"Thank you for asking our opinion. I would like to start with the positive.
We were kindly received; Our coats were neatly received and we were then neatly escorted to our seat.
We had a delicious meal and really enjoyed the experience, looking high over all sides of the illuminated city.
It was also nice to have our own host for our evening.
The explanation about the map was clear.
When we asked about wine advice, our host went to the sommelier. The story he came back with was no clearer than the information on the map. For example, we expected the sommelier at our table. In the end we chose a wine that we thought best matched the fish. It was the beginning of unrest at our table, which should have been a festive, carefree evening.
There was quite a bit of time between the first courses. At one point we were urged to ""hurry."" Because our time slot was ending. At that point we still had half an hour and three courses to go.
When we said something about that, someone else came to our table and told us that;
we had already arrived late (we do not dispute that, but we did not want to wait outside in the cold and it was not clear whether we would be able to enter earlier and the time slot started exactly at half past six) and
that we do too! had opted for an extra course (more time).
It seemed to us as if ""we"" should have kept an eye on the time and urged the service to deliver the courses on time. It felt like we were being blamed. Accusatory towards us. We found this unprofessional, uncomfortable and annoying. The festive atmosphere we came for turned into surprise and unrest at the table.
Ultimately it was arranged that we could stay a little longer. That was certainly nice.
But that didn't make the bad feeling go away. We experienced this as a blemish on the evening.
We accepted the excuse of our host - in training - but could no longer make a difference.",2,negative,-0.5,1,1,1,0,1
"Feb 06, 2026 21:52",Food was poor.,2026-02-06 21:52:00,en,Food was poor.,2,negative,-0.5,1,0,0,0,0
"Feb 13, 2026 18:56","Nourriture excellente, mais un peu chère. Les serveurs étaient pour la plupart gentils, sauf le nôtre qui était très désagréable… On nous a assuré que l’eau était gratuite au début… pour au final nous faire payer 4€ par bouteille de l’eau du robinet ! Très déçus…",2026-02-13 18:56:00,fr,"Excellent food, but a little expensive. The waiters were mostly nice, except ours who was very unpleasant... We were assured that the water was free at the beginning... only to end up making us pay 4€ per bottle of tap water! Very disappointed…",3,neutral,0.0,1,1,0,1,0
"Feb 15, 2026 14:01","Wij hebben een hele fijne middag gehad en goed gegeten, dank daarvoor.
Graag wil ik wel een opmerking maken over de toiletten.
Tijdens mijn bezoek heb ik drie keer gebruik gemaakt van het toilet. Persoonlijk ervaar ik het gemengde toilet als ongemakkelijk; handen wassen terwijl er achter mij een man bij het urinoir staat voelt niet prettig. Ook ontstond er op een moment een wachtrij van meerdere dames terwijl het urinoir werd gebruikt, wat als ongemakkelijk werd ervaren.
Bij mijn laatste bezoek was het toilet bovendien niet schoon (niet doorgetrokken en vervuild). Naar mijn mening past de staat van de toiletten niet bij de verder verzorgde indruk van het restaurant.
Ik hoop dat u dit als opbouwende feedback wilt zien.
Met vriendelijke groet,
Manya",2026-02-15 14:01:00,nl,"We had a very nice afternoon and ate well, thanks for that.
I would like to make a comment about the toilets.
During my visit I used the toilet three times. Personally, I experience the mixed toilet as uncomfortable; Washing hands while a man is standing behind me at the urinal does not feel pleasant. At one point there was also a queue of several ladies while the urinal was being used, which was experienced as uncomfortable.
On my last visit, the toilet was also not clean (not flushed and dirty). In my opinion, the condition of the toilets does not match the otherwise well-kept impression of the restaurant.
I hope you will take this as constructive feedback.
Kind regards,
Manya",3,neutral,0.0,0,0,0,0,0
"Feb 23, 2026 08:19","Kwaliteit eten was prima, wel weinig. We hadden twee gerechten op de lunchmenukaart besteld, was te weinig. Daarna maar wat bijbesteld. Gastheer was niet goed. Geen hartelijk ontvangst, ongeïnteresseerd, kortaf, knoeide paar keer met inschenken; werd vervolgens niet schoongemaakt. Overig personeel was wel ok met de uitleg, maar verder niet. Er ontbreekt duidelijk leiding. Na het afrekenen moesten we zelf op zoek naar de jassen. Uiteindelijk de kast gevonden waarin ze hingen. Toen we bij de lift stonden, zagen we ook andere klanten zoeken naar jassen. Jammer, het uitzicht was formidabel; de rest een domper.",2026-02-23 08:19:00,nl,"Food quality was fine, but not much. We ordered two dishes from the lunch menu, which was not enough. Then I ordered some more. Host was not good. Not a warm welcome, disinterested, curt, messed up pouring a few times; was subsequently not cleaned. Other staff were ok with the explanation, but nothing else. There is clearly a lack of leadership. After paying we had to look for the jackets ourselves. Finally found the cupboard in which they were hanging. When we stood at the elevator, we also saw other customers looking for coats. Too bad, the view was fantastic; the rest is a downer.",2,negative,-0.5,1,1,1,0,0
"Feb 23, 2026 10:00","They put us in the worst table in the restaurant even though there were several empty tables. Furthermore, the menu was really off, the majority of the courses didn’t make sense in terms of ingredient fusion to the point that the best part of the meal was the bread and the butter. Overall not a good experience.",2026-02-23 10:00:00,en,"They put us in the worst table in the restaurant even though there were several empty tables. Furthermore, the menu was really off, the majority of the courses didn’t make sense in terms of ingredient fusion to the point that the best part of the meal was the bread and the butter. Overall not a good experience.",2,negative,-0.5,1,0,0,0,1
